setup_key,task,cut_quantile,splits,exact_variance,exact_variance_sd,expected_cost,expected_cost_max,realized_cost,raw_projection_gap,raw_projection_abs_gap,fit_low_share,deploy_low_share,fit_surrogate,deploy_surrogate,estimator_variance,coverage_variance_pp2,coverage_mse_pp2,selected_exact_variance,switch_rate,median_exact_variance,median_expected_cost,median_coverage_variance_pp2,exact_variance_ratio_to_median
autoif_qwen,lpb,0.1,5,0.00960939925772206,0.011006256491827734,18.869611020437443,19.91636232971311,18.8876,-0.15299028835666525,0.8374415821046473,0.11089337498521305,0.11200418834590335,0.0036540389085215597,0.0062724044817268395,5.800000000014012e-06,1.6363333333333347,1.3286666666666682,3.494837505810564e-13,0.0,0.00811796473592736,18.94553352707317,1.6363333333333347,1.1837202513573526
autoif_qwen,lpb,0.2,5,0.008784465526786779,0.009357589055785792,18.81340262184728,19.886453845626967,18.7896,-0.21459408296702803,0.7404517363997272,0.20726413476948397,0.2122189343610838,0.00361751648007416,0.006218863652621221,5.800000000014012e-06,1.6363333333333347,1.3286666666666682,3.495550515708601e-13,0.0,0.00811796473592736,18.94553352707317,1.6363333333333347,1.0821019568993335
autoif_qwen,lpb,0.3,5,0.00842472728906246,0.008694829686847027,18.83362886323551,20.001980652207088,18.980399999999996,-0.19159607719651778,0.724435224518108,0.30370504301846474,0.30555358383845943,0.00358188133234008,0.00609079521080174,5.8000000000138206e-06,1.6363333333333347,1.3286666666666682,3.496263525606638e-13,0.0,0.00811796473592736,18.94553352707317,1.6363333333333347,1.0377881110738842
autoif_qwen,lpb,0.4,5,0.00848497215186938,0.008786347246718321,18.895001849162654,20.026455565470812,19.02273333333333,-0.12341095723175641,0.7617683717754247,0.3996783757744905,0.3975160255841975,0.00356809404753696,0.005987688249596159,5.8000000000138206e-06,1.6363333333333347,1.3286666666666682,3.4965526770254957e-13,0.0,0.00811796473592736,18.94553352707317,1.6363333333333347,1.0452092892591378
autoif_qwen,lpb,0.5,5,0.00811796473592736,0.008054747100268813,18.94553352707317,19.99522083649754,18.925266666666666,-0.06750059374158254,0.7547303373876808,0.4897566370790477,0.48172537003537014,0.0035548239847678605,0.00590685478496894,5.8000000000138206e-06,1.6363333333333347,1.3286666666666682,3.4971206177816487e-13,0.0,0.00811796473592736,18.94553352707317,1.6363333333333347,1.0
autoif_qwen,lpb,0.6,5,0.00823822899266422,0.008310249536073752,18.9263918668052,20.035923868211448,18.9266,-0.08923930434109123,0.8478671793150845,0.5917110140757317,0.5784983048165205,0.0035494256884556603,0.00601087443178724,5.8000000000138206e-06,1.6363333333333347,1.3286666666666682,3.4971206177816487e-13,0.0,0.00811796473592736,18.94553352707317,1.6363333333333347,1.0148145823059085
autoif_qwen,lpb,0.7,5,0.007901706173680741,0.007611301705576736,18.976408143973938,20.054616130204995,18.88433333333333,-0.034385017592197545,0.8704260936853363,0.6908104169275748,0.6777678775857181,0.0035580472521013,0.0058459481675912,5.8000000000138206e-06,1.6363333333333347,1.3286666666666682,3.496975548639764e-13,0.0,0.00811796473592736,18.94553352707317,1.6363333333333347,0.9733604949908772
autoif_qwen,lpb,0.8,5,0.00795182874866166,0.007679829131906258,18.859102053275997,19.813653756571647,18.76226666666667,-0.1639352557723516,0.769517097625253,0.7841252550807383,0.7787069903021333,0.00358251370036742,0.00590232234763114,5.8000000000138206e-06,1.6363333333333347,1.3286666666666682,3.49639921953187e-13,0.0,0.00811796473592736,18.94553352707317,1.6363333333333347,0.9795347734721686
autoif_qwen,lpb,0.9,5,0.0076591128962224,0.007039893041474654,18.875764278813524,19.76178152642324,18.706066666666665,-0.1455270924006143,0.7442535916521876,0.8836220849608264,0.8810384317770211,0.00363036999643064,0.00586273525736938,5.8000000000138206e-06,1.6363333333333347,1.3286666666666682,3.495541140491949e-13,0.0,0.00811796473592736,18.94553352707317,1.6363333333333347,0.94347698534902
autoif_qwen,metric,0.1,5,7.069903236232632,1.2058865392476983,19.028748001791087,20.797505409587547,19.066866666666666,0.001829539366584848,1.4255688502003596,0.10883122732245873,0.11405264273913347,1.5207479784283109,1.5443619032750164,0.0002801653335763362,,,,,6.7640685084743435,19.497383069202137,,1.0452146112025809
autoif_qwen,metric,0.2,5,6.9292557616701345,1.1312084434503835,19.09320360614509,20.944478502411,19.11313333333333,0.0698889553739193,1.3781958715356992,0.20666355771385364,0.2182314209450534,1.499798287092176,1.5089651454176674,0.0007400576624410516,,,,,6.7640685084743435,19.497383069202137,,1.024421286240498
autoif_qwen,metric,0.3,5,6.885812218019241,1.1055867252133469,19.131225493913323,21.18278643744253,18.9988,0.10995949347038865,1.4388309840438183,0.30375282547848564,0.31220729122745655,1.4831855289162166,1.486358243471537,0.000711122978639583,,,,,6.7640685084743435,19.497383069202137,,1.0179985920296892
autoif_qwen,metric,0.4,5,6.814482329791126,1.200514054972579,19.3417055230449,21.86330037118136,19.2734,0.33044310201967697,1.6688291890032336,0.3992922426777747,0.4053994692321984,1.4710731414909022,1.4584210855584683,0.0008045886953542878,,,,,6.7640685084743435,19.497383069202137,,1.0074531801760467
autoif_qwen,metric,0.5,5,6.7640685084743435,1.2729255557012444,19.497383069202137,22.49732617214405,19.220533333333332,0.49355345453115973,1.8190937091304362,0.49039915675331275,0.4830023355166412,1.4643736948531458,1.4401511530618658,0.0011418286560946527,,,,,6.7640685084743435,19.497383069202137,,1.0
autoif_qwen,metric,0.6,5,6.772126668878795,1.3067237346276037,19.5238378757521,22.806300707555128,19.267666666666667,0.5212208911850074,1.8321329814566152,0.5935628458966213,0.5782007352532471,1.4625350063422942,1.4348774621991989,0.0005977047897563685,,,,,6.7640685084743435,19.497383069202137,,1.001191318567273
autoif_qwen,metric,0.7,5,6.834773098437857,1.2983442930173166,19.421091355186547,22.429936752748684,19.3778,0.41357619667280227,1.6896524694631982,0.6916590317779454,0.6812247711584565,1.4663997259175414,1.4449712548352716,0.0003766991474537119,,,,,6.7640685084743435,19.497383069202137,,1.010452967747877
autoif_qwen,metric,0.8,5,6.906357706540613,1.2341514880174724,19.312653342709197,21.9418251935142,19.14646666666666,0.30013269698432515,1.408788836780796,0.7861915308605424,0.783582780338096,1.478442168665722,1.4653750438072026,0.0008057432225805085,,,,,6.7640685084743435,19.497383069202137,,1.0210360373919931
autoif_qwen,metric,0.9,5,6.981370280128509,1.092669380995386,19.274555407494496,21.34297193921095,19.025266666666663,0.26069779652934527,1.137084823518687,0.8865806299339722,0.8902768244145008,1.503470390929595,1.4895887622565938,0.001362482191372031,,,,,6.7640685084743435,19.497383069202137,,1.0321258975100445
hallucination_qwen,lpb,0.1,5,2.3951650539465337e-13,3.2812439415488485e-13,19.40100127600118,20.236288768990924,19.3656,2.377968151982224,3.128047944899917,0.11887096581324375,0.17244553932204318,9.304674290009998e-06,8.174319439809689e-06,3.6444444446097943e-06,0.2831111111111094,0.2286666666666651,1.292090878735053e-13,0.0,2.3951650539465337e-13,19.39813794049452,0.2831111111111094,1.0
hallucination_qwen,lpb,0.2,5,2.3951650539465337e-13,3.2812439415488485e-13,19.4020823205707,20.243962386051248,19.37173333333333,2.3790672288983625,3.1300711588174432,0.2113591738937406,0.25478328412481843,9.302633800319512e-06,8.163189493143246e-06,3.6444444446097943e-06,0.2831111111111094,0.2286666666666651,1.292090878735053e-13,0.0,2.3951650539465337e-13,19.39813794049452,0.2831111111111094,1.0
hallucination_qwen,lpb,0.3,5,2.3951650539465337e-13,3.2812439415488485e-13,19.403432112207895,20.242326802584696,19.369999999999997,2.3804441341899047,3.128028988463087,0.3070373423373656,0.3471620437562065,9.302704906446248e-06,8.13496478633933e-06,3.6444444446097943e-06,0.2831111111111094,0.2286666666666651,1.292090878735053e-13,0.0,2.3951650539465337e-13,19.39813794049452,0.2831111111111094,1.0
hallucination_qwen,lpb,0.4,5,2.3951650539465337e-13,3.2812439415488485e-13,19.39351748634352,20.215122758177294,19.360866666666666,2.370353311908832,3.1270497196945053,0.39811347773119216,0.4328558315191183,9.30189687267583e-06,8.288761122202064e-06,3.6444444446097943e-06,0.2831111111111094,0.2286666666666651,1.292090878735053e-13,0.0,2.3951650539465337e-13,19.39813794049452,0.2831111111111094,1.0
hallucination_qwen,lpb,0.5,5,2.3951650539465337e-13,3.2812439415488485e-13,19.39813794049452,20.230556810417564,19.363533333333333,2.375055348543296,3.1286292182124757,0.4855515197773371,0.5224083426857077,9.303096185705802e-06,8.222804402038953e-06,3.6444444446097943e-06,0.2831111111111094,0.2286666666666651,1.292090878735053e-13,0.0,2.3951650539465337e-13,19.39813794049452,0.2831111111111094,1.0
hallucination_qwen,lpb,0.6,5,2.3951650539465337e-13,3.2812439415488485e-13,19.400891830697635,20.23451436478224,19.3648,2.3778582579676817,3.1274361682144116,0.5902960922277127,0.6077117183192129,9.304123616903114e-06,8.178220582802199e-06,3.6444444446097943e-06,0.2831111111111094,0.2286666666666651,1.292090878735053e-13,0.0,2.3951650539465337e-13,19.39813794049452,0.2831111111111094,1.0
hallucination_qwen,lpb,0.7,5,2.3951650539465337e-13,3.2812439415488485e-13,19.401801348108407,20.230885402318467,19.362000000000002,2.3787853288219094,3.125032391458353,0.6857777349255084,0.6850113331003339,9.30689190304445e-06,8.155451984020714e-06,3.6444444446097943e-06,0.2831111111111094,0.2286666666666651,1.292090878735053e-13,0.0,2.3951650539465337e-13,19.39813794049452,0.2831111111111094,1.0
hallucination_qwen,lpb,0.8,5,2.394905508474999e-13,3.2809027491643893e-13,19.401973611796425,20.23330112697867,19.36133333333333,2.378959983782858,3.125840489908798,0.7770503960651644,0.7690984730010488,9.30803792478158e-06,8.15653319525189e-06,3.6444444446097943e-06,0.2831111111111094,0.2286666666666651,1.2919487701879006e-13,0.0,2.3951650539465337e-13,19.39813794049452,0.2831111111111094,0.9998916377511825
hallucination_qwen,lpb,0.9,5,2.3951650539465337e-13,3.2812439415488485e-13,19.403023294550245,20.24203200611757,19.3658,2.3800263301000566,3.1283265522411337,0.8739441114496301,0.8598377797692842,9.307954932194489e-06,8.14847988688088e-06,3.6444444446097943e-06,0.2831111111111094,0.2286666666666651,1.292090878735053e-13,0.0,2.3951650539465337e-13,19.39813794049452,0.2831111111111094,1.0
hallucination_qwen,metric,0.1,5,2.0519749034709314,0.989772784864658,23.285616480290617,29.571522013525367,23.0688,4.338517584412682,4.863525039841984,0.1407884943350424,0.1860192898319108,0.40058564602400415,0.4756450198027727,0.0005216827956011186,,,,,2.0186193805733383,23.486974654566055,,1.0165239287894479
hallucination_qwen,metric,0.2,5,2.016672033483231,0.9975365725425951,23.471287944869893,29.794669700343917,23.30653333333333,4.528491397436683,5.015773986427631,0.22184591772897783,0.24722305510210063,0.4005291833049385,0.4659507092295714,0.00042990378512896556,,,,,2.0186193805733383,23.486974654566055,,0.9990353074438658
hallucination_qwen,metric,0.3,5,2.0021413025677033,1.0081588135871922,23.547689035230245,30.18932847847172,23.3862,4.6066610075372285,5.071582911656267,0.3206321100412569,0.33313632489765493,0.4004490235239726,0.46244592055106504,0.0004633794753029531,,,,,2.0186193805733383,23.486974654566055,,0.9918369564048499
hallucination_qwen,metric,0.4,5,2.0073553030816065,1.018819068854223,23.538249471592124,30.313800855123866,23.299866666666667,4.59686054159802,5.049338283102632,0.3970916802687853,0.4197690686401536,0.40041255808172893,0.4638208124143584,0.0005650986122518099,,,,,2.0186193805733383,23.486974654566055,,0.9944199101622949
hallucination_qwen,metric,0.5,5,2.0186193805733383,1.0264799580158306,23.486974654566055,30.335099402533768,23.25953333333333,4.544353244449292,5.015993963049033,0.4745231424832547,0.499339770340927,0.4003602197156767,0.46694535668052134,0.0006708388408765823,,,,,2.0186193805733383,23.486974654566055,,1.0
hallucination_qwen,metric,0.6,5,2.011932354612409,1.0250144716019396,23.53547478477833,30.34339060183446,23.347466666666666,4.594010489846674,5.034460982602035,0.5760902837368913,0.57170428053959,0.4004902469408841,0.46444152847158887,0.0004909096563936301,,,,,2.0186193805733383,23.486974654566055,,0.9966873269793783
hallucination_qwen,metric,0.7,5,2.0059693841994184,1.017756103989224,23.55658999024832,30.374068566347525,23.3256,4.61560720760532,5.022445137755515,0.6657829536765174,0.6383620905822898,0.40065320605087235,0.4634105726246598,0.00035102142605551116,,,,,2.0186193805733383,23.486974654566055,,0.9937333424539266
hallucination_qwen,metric,0.8,5,2.004074760189301,1.0190252053867412,23.567573103181353,30.412835991162503,23.434733333333334,4.626780351615138,5.0201399077153885,0.7513360462766989,0.7123718458882852,0.4008042672973279,0.46349280794689873,0.0003732817170562661,,,,,2.0186193805733383,23.486974654566055,,0.9927947682837037
hallucination_qwen,metric,0.9,5,2.013598727407382,0.9953438149685946,23.504433155033873,30.23885529685898,23.320066666666666,4.5625370231746665,4.938848276785131,0.845626569382732,0.7907927750942132,0.401301347805955,0.4645554044158879,0.0003252393904295774,,,,,2.0186193805733383,23.486974654566055,,0.9975128282160204
red_qwen,lpb,0.1,5,4.532039928524985e-13,1.651684049121365e-14,18.958272554196235,20.137568561202443,19.1286,-0.05921862033777856,0.5722124143007896,0.11642311843722548,0.1275509439325313,0.0033224632816879402,0.00349497301408044,6.333333333332488e-07,0.92944444444444,0.8335555555555573,3.374837199822246e-13,0.0,4.532039928524985e-13,18.94896851345998,0.92944444444444,1.0
red_qwen,lpb,0.2,5,4.532039928524985e-13,1.651684049121365e-14,18.93328042868516,19.97152173236933,19.129066666666667,-0.08535200028050413,0.5342205881425712,0.2096674836454795,0.2306389548441139,0.00332046655133,0.0034974377683579597,6.333333333332488e-07,0.92944444444444,0.8335555555555573,3.374837199822246e-13,0.0,4.532039928524985e-13,18.94896851345998,0.92944444444444,1.0
red_qwen,lpb,0.3,5,4.532039928524985e-13,1.651684049121365e-14,18.948996977803056,20.003444279682707,19.0844,-0.06867604796645845,0.531336306743681,0.30468562986304265,0.32408593550024983,0.00331971426486028,0.0034844628668875403,6.333333333332488e-07,0.92944444444444,0.8335555555555573,3.374837199822246e-13,0.0,4.532039928524985e-13,18.94896851345998,0.92944444444444,1.0
red_qwen,lpb,0.4,5,4.532039928524985e-13,1.651684049121365e-14,18.93440345942095,19.91941987878764,19.07413333333333,-0.08408444016589703,0.520471838614499,0.39865012784819215,0.41574889934809534,0.00332067473507112,0.00349375095731706,6.333333333332488e-07,0.92944444444444,0.8335555555555573,3.374837199822246e-13,0.0,4.532039928524985e-13,18.94896851345998,0.92944444444444,1.0
red_qwen,lpb,0.5,5,4.532039928524985e-13,1.651684049121365e-14,18.94896851345998,19.926898607661403,19.167666666666666,-0.06861479199040726,0.5165961227547186,0.48789100669678104,0.5071106866851289,0.00332206028309348,0.0034840768183451603,6.333333333332488e-07,0.92944444444444,0.8335555555555573,3.374837199822246e-13,0.0,4.532039928524985e-13,18.94896851345998,0.92944444444444,1.0
red_qwen,lpb,0.6,5,4.532039928524985e-13,1.651684049121365e-14,18.95716044028905,19.95240270516141,19.179799999999997,-0.059991998860365915,0.512024908617903,0.5895215247104205,0.6008073694640231,0.00332450249047144,0.0034831403489613798,6.333333333332488e-07,0.92944444444444,0.8335555555555573,3.374837199822246e-13,0.0,4.532039928524985e-13,18.94896851345998,0.92944444444444,1.0
red_qwen,lpb,0.7,5,4.531843048975285e-13,1.650455497564242e-14,18.957957852896275,19.941936980067634,19.182866666666662,-0.05915250110054089,0.5154580877587656,0.6873811666265908,0.6960916423228029,0.00332692894122514,0.0034878639757700398,6.333333333332488e-07,0.92944444444444,0.8335555555555573,3.3746931175452723e-13,0.0,4.532039928524985e-13,18.94896851345998,0.92944444444444,0.9999565582932178
red_qwen,lpb,0.8,5,4.531646169425585e-13,1.6496196570484465e-14,18.94576605342291,19.967130102846983,19.125733333333333,-0.07210726758091184,0.5351421292535811,0.7785041689131331,0.7912490358814598,0.0033309744531962804,0.0034996801207177798,6.333333333332488e-07,0.92944444444444,0.8335555555555573,3.3745510089981207e-13,0.0,4.532039928524985e-13,18.94896851345998,0.92944444444444,0.9999131165864358
red_qwen,lpb,0.9,5,4.531646169425585e-13,1.6496196570484465e-14,18.951915924050446,20.024942568042395,19.194066666666664,-0.06560714997311692,0.5361102253261691,0.875643678052408,0.8798829619124664,0.00333729998245922,0.00350025955769594,6.333333333332488e-07,0.92944444444444,0.8335555555555573,3.3745510089981207e-13,0.0,4.532039928524985e-13,18.94896851345998,0.92944444444444,0.9999131165864358
red_qwen,metric,0.1,5,10.445198697010358,0.8597233559649136,18.897008271811107,20.809893294515536,19.101333333333333,-0.1231328995557135,0.8532792081986514,0.11371259763374068,0.11932836067267379,3.150339765345689,3.149067470096887,0.00029231874563629074,,,,,10.453552300577403,18.847366180612358,,0.9992008837448889
red_qwen,metric,0.2,5,10.392468677430355,0.6758443184252112,18.85760340899577,20.08715867377993,19.005666666666666,-0.16380232913930684,0.5933153033281527,0.20828134524913627,0.2249496666770689,3.1387315801697477,3.1361853401468154,0.00018487290011358356,,,,,10.453552300577403,18.847366180612358,,0.9941566635541036
red_qwen,metric,0.3,5,10.382299326870651,0.615249140369104,18.86915806327608,19.89675137881459,18.985799999999998,-0.1517453106929338,0.5019220186642329,0.30604441097429513,0.33228079742303207,3.1310770665846452,3.124542018033374,0.00017413276654638948,,,,,10.453552300577403,18.847366180612358,,0.9931838506511498
red_qwen,metric,0.4,5,10.429340925639604,0.5274861680427867,18.82893792251647,19.429543202352995,19.046266666666668,-0.1933831986302394,0.3675919129679457,0.3985345277788561,0.422649676395786,3.129048389003788,3.127981996308741,0.00013092719220108925,,,,,10.453552300577403,18.847366180612358,,0.9976839093313321
red_qwen,metric,0.5,5,10.453552300577403,0.5073942145265735,18.847366180612358,19.496876969383127,18.8116,-0.17413912510176247,0.39243064051125387,0.49072498959922733,0.5084686366451647,3.1310650636689674,3.1242026527827678,6.089663991870714e-05,,,,,10.453552300577403,18.847366180612358,,1.0
red_qwen,metric,0.6,5,10.428132841870633,0.5807603537927256,18.883292618178427,19.667038518264548,19.06433333333333,-0.1366595503677452,0.4432111231757155,0.5916490542133908,0.601320242040331,3.135916149353762,3.118303289186519,5.8087363709191116e-05,,,,,10.453552300577403,18.847366180612358,,0.9975683425140213
red_qwen,metric,0.7,5,10.463451000221854,0.5959937695045779,18.849649102872952,19.670752874954964,18.866266666666668,-0.17161144858252161,0.46985735887274416,0.6886811728007268,0.692341260502284,3.1420136956573783,3.1326198705002595,0.0001782813942552994,,,,,10.453552300577403,18.847366180612358,,1.0009469220949805
red_qwen,metric,0.8,5,10.520754813306908,0.7072152150305366,18.83545697873234,19.965356577283547,18.69253333333333,-0.1865555376496232,0.5656844948753672,0.7819022367431107,0.7860272928711449,3.1522120208745483,3.149765637336165,0.0003632645365210537,,,,,10.453552300577403,18.847366180612358,,1.006428677142199
red_qwen,metric,0.9,5,10.574028675627005,0.8073196918255039,18.88581057281694,20.454077272741195,18.947266666666668,-0.13437479278926504,0.7165457365724166,0.8810129861412813,0.8758108573128904,3.1693610505006107,3.1606191511156387,7.299132561567302e-05,,,,,10.453552300577403,18.847366180612358,,1.0115249220155476
toxicity_qwen,lpb,0.1,5,0.2911689730089573,0.10080130803234578,19.460048920309504,21.244065524938726,19.326466666666665,0.4432029403628447,0.8685147192367964,0.11257301591867004,0.12009567783743522,0.03864782712401868,0.09214059084377246,2.1519238806593674e-07,0.3103333333333345,0.4851111111111127,0.004821443530195662,0.6,0.24732280168412468,19.414324049775665,0.3103333333333345,1.1772831741605125
toxicity_qwen,lpb,0.2,5,0.2828660879897892,0.09748346009249721,19.396480973198727,21.16443634194762,19.27453333333333,0.375134599047945,0.7679717209553459,0.20539805696853458,0.20137829977702007,0.03855448508352754,0.09141119661073994,2.1326811457370864e-07,0.3103333333333345,0.4851111111111127,0.004807857984301908,0.6,0.24732280168412468,19.414324049775665,0.3103333333333345,1.1437121286983463
toxicity_qwen,lpb,0.3,5,0.26614987038904264,0.0820337416019623,19.401928027028788,21.116273060699243,19.28953333333333,0.38145671180222396,0.7787511389713628,0.3052320166277693,0.3053670418182904,0.0384451866021496,0.08789611584878504,2.1570860306753323e-07,0.3103333333333345,0.4851111111111127,0.004786686895930504,0.6,0.24732280168412468,19.414324049775665,0.3103333333333345,1.0761234652717686
toxicity_qwen,lpb,0.4,5,0.2562021402541962,0.0884928126355392,19.405975768672768,21.109530827663875,19.299,0.3859238228755174,0.7944619351788973,0.39897925753731667,0.410740897072645,0.03882897954536056,0.08494564214957863,2.074497379351319e-07,0.3103333333333345,0.4851111111111127,0.004826370073749737,0.6,0.24732280168412468,19.414324049775665,0.3103333333333345,1.0359018194424792
toxicity_qwen,lpb,0.5,5,0.24732280168412468,0.08732773580364835,19.414324049775665,21.03935451797608,19.349866666666664,0.3952767757945715,0.805926843924231,0.49161171222015937,0.511704344646105,0.03907719497219006,0.08272074884014098,2.0416824602725027e-07,0.3103333333333345,0.4851111111111127,0.004850097155320957,0.6,0.24732280168412468,19.414324049775665,0.3103333333333345,1.0
toxicity_qwen,lpb,0.6,5,0.240161896673172,0.08401458654470931,19.42769798244246,21.07078973382086,19.33353333333333,0.4094107089265897,0.8126233266905623,0.5909613927570155,0.6040112173369088,0.039047604617339284,0.08046687874404398,2.0458445939128864e-07,0.3103333333333345,0.4851111111111127,0.004846427628132667,0.6,0.24732280168412468,19.414324049775665,0.3103333333333345,0.9710463209934908
toxicity_qwen,lpb,0.7,5,0.23596048310650594,0.08190601542048463,19.41242709578669,21.078928283940883,19.3946,0.39249652568616966,0.8137636944246808,0.6906255716206617,0.7077019548711415,0.0390513081305591,0.0788009089272437,2.0494773452106855e-07,0.3103333333333345,0.4851111111111127,0.0048475815937525065,0.6,0.24732280168412468,19.414324049775665,0.3103333333333345,0.9540587503446996
toxicity_qwen,lpb,0.8,5,0.23045732400738853,0.07761621590428729,19.372833844880198,21.11424735752608,19.350533333333335,0.3491608985853504,0.7871360859630954,0.7845425933257976,0.8037531955233455,0.0391316988188935,0.07682315617213203,2.0580697912668406e-07,0.3103333333333345,0.4851111111111127,0.004856124605767923,0.6,0.24732280168412468,19.414324049775665,0.3103333333333345,0.9318078334795982
toxicity_qwen,lpb,0.9,5,0.22508103145403222,0.07268296547949436,19.37468845710908,21.094917575585782,19.254133333333332,0.35093370051143113,0.7965180226274562,0.8832845723297609,0.8931104143571922,0.039318903289805876,0.07487059556115434,2.058757580466446e-07,0.3103333333333345,0.4851111111111127,0.0048694033007285155,0.6,0.24732280168412468,19.414324049775665,0.3103333333333345,0.9100698759732668
toxicity_qwen,metric,0.1,5,7.645919112976349,1.5112406688844526,19.920967440607058,24.652491955865237,19.607999999999997,0.9214893731757339,2.185763261006781,0.11361487866390081,0.11998804486564148,2.31050155638133,2.185456150353919,0.00046704372010738886,,,,,7.39280072512822,19.165196822374874,,1.0342384973245358
toxicity_qwen,metric,0.2,5,7.4434737301102345,1.3923718407878911,19.64712314897375,24.072298340122767,19.21633333333333,0.6355426836182592,1.977021056049399,0.2058920203982905,0.20535583438261015,2.232866599484403,2.1256456887058017,0.00024219937884270476,,,,,7.39280072512822,19.165196822374874,,1.0068543718228162
toxicity_qwen,metric,0.3,5,7.460581198426022,1.4674041516635565,19.377881643983766,22.88651372667132,19.34026666666667,0.3530687786906078,2.1614197602278944,0.3048090865227846,0.31467144053201984,2.1674070417434494,2.1026251863925465,0.0005212690836443573,,,,,7.39280072512822,19.165196822374874,,1.0091684431676098
toxicity_qwen,metric,0.4,5,7.4554556872437105,1.3931225643160634,19.040449534016652,21.977545799532123,19.204,0.0011591882564577106,1.886174247823666,0.4003312945575589,0.4274966755683464,2.13228069751887,2.114943161490477,0.00018469254981654735,,,,,7.39280072512822,19.165196822374874,,1.008475132016277
toxicity_qwen,metric,0.5,5,7.39280072512822,1.3135130217115298,19.165196822374874,22.64099427509337,19.360666666666667,0.1304213796556728,1.8693091448890935,0.4930588611671444,0.5255056725555998,2.1176538088557346,2.0986875579445745,0.000667409042032876,,,,,7.39280072512822,19.165196822374874,,1.0
toxicity_qwen,metric,0.6,5,7.373755985023803,1.31346984290263,19.27408295693313,22.986266123345345,19.401866666666667,0.24420148709691708,1.8260424594399869,0.5916812682089709,0.6279027403217616,2.125191988012579,2.104311133493526,0.0011006165667219877,,,,,7.39280072512822,19.165196822374874,,0.9974238802298994
toxicity_qwen,metric,0.7,5,7.328607974371319,1.2476384781911503,19.4191656074382,23.051894704809403,19.717266666666667,0.3943426353507299,1.8429906124679996,0.6920954227814171,0.7244550495218267,2.1491775765076104,2.1130181025797112,0.0012837258685769542,,,,,7.39280072512822,19.165196822374874,,0.9913168563385308
toxicity_qwen,metric,0.8,5,7.379877826588883,1.2096177787502005,19.33437641901881,23.70065900704088,19.218,0.3049264345793937,1.6475625022295197,0.7861205423682394,0.8171996842927545,2.200878841995747,2.180047683528394,0.001507011217666138,,,,,7.39280072512822,19.165196822374874,,0.9982519617368542
toxicity_qwen,metric,0.9,5,7.417734678049021,1.0862667983811074,19.2311321079797,22.895992040176168,19.215066666666665,0.2015915966784995,1.4085877087653351,0.8832896306403007,0.9078243978739327,2.287544687328505,2.2433397806776396,0.0010203901506801527,,,,,7.39280072512822,19.165196822374874,,1.0033727343462742
