setup_key,dataset,data_setup,task,seed,n1,budget,projection_margin,cut_quantile,fit_low_share,deploy_low_share,empty_low_cells,empty_high_cells,runtime_seconds,raw_fit_phase2_cost,raw_deploy_phase2_cost,raw_projection_cost_gap,projection_space,projection_raw_base_phase1_expected_cost,projection_pre_intercept_mixed_phase1_expected_cost,projection_raw_phase1_expected_cost,projection_budget_logit_shift,projection_corrected_phase1_expected_cost,projection_budget_boundary,expected_cost_per_sample,exact_target_variance_pp2,fit_soft_surrogate,deploy_soft_surrogate,fit_mean_endpoint_pi,deploy_mean_endpoint_pi,deploy_min_endpoint_pi,estimate,realized_cost_per_sample,observed_phase2_target_events,selected_index,selected_tau,coverage_pct,oracle_selected_index,oracle_selected_tau,oracle_fixed_coverage_pct,selected_exact_variance_pp2,switched_from_oracle
autoif_qwen,dataset_autoif,attack_autoif_helper_qwen25_14b_instruct_lm_target_qwen25_14b_instruct_judge_autoif,metric,0,50,20.0,1.0,0.1,0.10839279646619096,0.032424987379003054,0,0,5.040805900000123,17.34371857265096,18.961222664372617,1.6175040917216563,cumulative_probability,17.34371857265096,17.845599979787707,17.34371857265096,-0.0357380280183861,17.34372881266951,,20.583275045605372,6.3261526215401656,1.2051341704057033,1.351481614241404,0.17192097302971188,0.16293640684039382,0.03106433265409544,0.4855281194947568,22.732,356,,,,,,,,
autoif_qwen,dataset_autoif,attack_autoif_helper_qwen25_14b_instruct_lm_target_qwen25_14b_instruct_judge_autoif,metric,0,50,20.0,1.0,0.2,0.2130479102956167,0.1292362650628855,0,0,4.955713600000308,17.343719052824543,19.00201086359334,1.658291810768798,cumulative_probability,17.343719052824543,17.84560045756042,17.343719052824543,-0.03583094658097252,17.343728813362624,,20.62248319845136,6.18164071013252,1.1849526106629817,1.3246189870021832,0.1730319102312206,0.16441062244748547,0.03786962927709371,0.4867860849862856,22.109333333333332,362,,,,,,,,
autoif_qwen,dataset_autoif,attack_autoif_helper_qwen25_14b_instruct_lm_target_qwen25_14b_instruct_judge_autoif,metric,0,50,20.0,1.0,0.3,0.2996941896024465,0.1941411137206699,0,0,4.36758589999954,17.34372299344051,19.00481957684073,1.6610965834002194,cumulative_probability,17.34372299344051,17.84560437847331,17.34372299344051,-0.03592754859710112,17.34372881258063,,20.625209482443076,6.177569343084719,1.166076380936037,1.3093291415782524,0.17359374946699688,0.1655747093215016,0.039159705430543555,0.4747623022762449,22.062666666666665,363,,,,,,,,
autoif_qwen,dataset_autoif,attack_autoif_helper_qwen25_14b_instruct_lm_target_qwen25_14b_instruct_judge_autoif,metric,0,50,20.0,1.0,0.4,0.4026503567787971,0.268111130621831,0,0,3.635388100000455,17.343696889103164,19.387016928137353,2.043320039034189,cumulative_probability,17.343696889103168,17.845578404657648,17.343696889103168,-0.03601615368097555,17.34372881338151,,20.989875803142024,6.012096869527516,1.1491352280052334,1.2702506548106258,0.1735725915275617,0.16904192773980736,0.041725674974336956,0.48696895248199834,21.827,376,,,,,,,,
autoif_qwen,dataset_autoif,attack_autoif_helper_qwen25_14b_instruct_lm_target_qwen25_14b_instruct_judge_autoif,metric,0,50,20.0,1.0,0.5,0.4858987427794767,0.35573377378783555,0,0,4.763091499999973,17.343687731995516,19.5397543655512,2.1960666335556844,cumulative_probability,17.343687731995516,17.84556929333554,17.343687731995516,-0.03607338301662821,17.343728812756375,,21.135470931423516,5.941761336671496,1.141077677439825,1.2481693037176191,0.17478367037992218,0.16949343392845637,0.048688219141204234,0.4786230041405967,22.379666666666665,373,,,,,,,,
autoif_qwen,dataset_autoif,attack_autoif_helper_qwen25_14b_instruct_lm_target_qwen25_14b_instruct_judge_autoif,metric,0,50,20.0,1.0,0.6,0.5922528032619776,0.48619647051076625,0,0,3.808809399999518,17.34372356109626,19.31785763250847,1.9741340714122089,cumulative_probability,17.34372356109626,17.84560494329078,17.34372356109626,-0.0361002409044886,17.343728812600308,,20.924405418514368,5.999747694657173,1.1371759871500218,1.2571173111257594,0.17385487692145649,0.1686963412731517,0.05255876523936238,0.4825470883877352,22.017666666666667,377,,,,,,,,
autoif_qwen,dataset_autoif,attack_autoif_helper_qwen25_14b_instruct_lm_target_qwen25_14b_instruct_judge_autoif,metric,0,50,20.0,1.0,0.7,0.6953788651036358,0.6082058429728484,0,0,4.124968799999806,17.343639928522176,19.085864659768816,1.7422247312466403,cumulative_probability,17.34363992852218,17.845521728879568,17.34363992852218,-0.036092368100071326,17.343728812660352,,20.703284759661198,6.112636074916986,1.1375349791915839,1.2702397767419633,0.17167762226168734,0.16653924441795107,0.05614683247875281,0.48775134252433533,22.49266666666667,371,,,,,,,,
autoif_qwen,dataset_autoif,attack_autoif_helper_qwen25_14b_instruct_lm_target_qwen25_14b_instruct_judge_autoif,metric,0,50,20.0,1.0,0.8,0.781855249745158,0.7259762066770561,0,0,4.7773995000006835,17.3437140719579,18.573673099602004,1.229959027644103,cumulative_probability,17.3437140719579,17.845595501598112,17.3437140719579,-0.036087446569581516,17.343728813073575,,20.215069900321346,6.280946202166605,1.1402798544886323,1.3187668600290503,0.16835861163198526,0.1635238097247035,0.058359235956716375,0.46724389873721417,21.182666666666666,361,,,,,,,,
autoif_qwen,dataset_autoif,attack_autoif_helper_qwen25_14b_instruct_lm_target_qwen25_14b_instruct_judge_autoif,metric,0,50,20.0,1.0,0.9,0.8866802582398913,0.8797465923308238,0,0,4.580836299999646,17.34372853731478,18.1339791262292,0.790250588914418,cumulative_probability,17.34372853731478,17.84560989462821,17.34372853731478,-0.03603670309530571,17.34372881294106,,19.79614298164168,6.595420292060939,1.1548398265863162,1.3929975364817166,0.1656975643281589,0.15859058423836395,0.06438032538046964,0.48462945197014795,21.002,360,,,,,,,,
autoif_qwen,dataset_autoif,attack_autoif_helper_qwen25_14b_instruct_lm_target_qwen25_14b_instruct_judge_autoif,lpb,0,50,20.0,1.0,0.1,0.10919431279620853,0.03386192808716486,0,0,4.8435152000001835,17.55084660097984,18.489792094412913,0.9389454934330743,cumulative_probability,17.55084660096958,17.99059236796473,17.55084660096958,-0.08176020521204919,17.550847457271825,,19.91636232971311,0.007145236190900243,0.0035836548953250276,0.0038002218709378274,0.32640921248046084,0.2739995445492351,0.016063232690019916,0.09366666666676637,20.253,817,782.0,0.037266732953888194,91.0,782.0,0.037266732953888194,91.0,3.323393412320759e-13,0.0
autoif_qwen,dataset_autoif,attack_autoif_helper_qwen25_14b_instruct_lm_target_qwen25_14b_instruct_judge_autoif,lpb,0,50,20.0,1.0,0.2,0.2090995260663507,0.10821934906432944,0,0,3.9953598000001875,17.55084700057711,18.45679682032744,0.9059498197503295,cumulative_probability,17.55084700056685,17.990592765564017,17.55084700056685,-0.0819508807035163,17.550847457604185,,19.886453845626967,0.007098900773687182,0.003550305428545347,0.003768876391232405,0.3273354724459109,0.27470212938884675,0.017881979987661705,0.09366666666676639,20.236666666666668,822,782.0,0.037266732953888194,91.0,782.0,0.037266732953888194,91.0,3.324076816271473e-13,0.0
autoif_qwen,dataset_autoif,attack_autoif_helper_qwen25_14b_instruct_lm_target_qwen25_14b_instruct_judge_autoif,lpb,0,50,20.0,1.0,0.3,0.3035071090047393,0.19180713648582415,0,0,4.746300199999496,17.55084591442481,18.584044708904703,1.033198794479894,cumulative_probability,17.55084591441455,17.990591684842475,17.55084591441455,-0.0820971945358906,17.55084745756775,,20.001980652207088,0.007062984035902385,0.003522917283345025,0.0036883254296785285,0.32823546886342325,0.27587720205311345,0.019088589036108813,0.0936666666667664,20.563333333333333,830,782.0,0.037266732953888194,91.0,782.0,0.037266732953888194,91.0,3.324760220222187e-13,0.0
autoif_qwen,dataset_autoif,attack_autoif_helper_qwen25_14b_instruct_lm_target_qwen25_14b_instruct_judge_autoif,lpb,0,50,20.0,1.0,0.4,0.4003791469194313,0.26122972104931486,0,0,5.136854299999868,17.550847433565632,18.610896942209973,1.0600495086443402,cumulative_probability,17.55084743355537,17.990593196387593,17.55084743355537,-0.08222682212362997,17.550847457544283,,20.026455565470815,0.0070289435441183296,0.0034983723700711417,0.0036507434155495927,0.3283216437360096,0.27631867706793733,0.019674429178996727,0.0936666666667664,20.629333333333335,831,782.0,0.037266732953888194,91.0,782.0,0.037266732953888194,91.0,3.324760220222187e-13,0.0
autoif_qwen,dataset_autoif,attack_autoif_helper_qwen25_14b_instruct_lm_target_qwen25_14b_instruct_judge_autoif,lpb,0,50,20.0,1.0,0.5,0.4881516587677725,0.34633357789339414,0,0,4.414166200000182,17.55084734873126,18.576496189208452,1.0256488404771922,cumulative_probability,17.550847348720996,17.99059311197739,17.550847348720996,-0.08232172069256194,17.550847457264553,,19.99522083649754,0.007008487883387911,0.003483532475107694,0.0036419706133762357,0.32867270485276345,0.27654373353757766,0.020413737786359028,0.0936666666667664,20.640333333333334,832,782.0,0.037266732953888194,91.0,782.0,0.037266732953888194,91.0,3.3254436241729003e-13,0.0
autoif_qwen,dataset_autoif,attack_autoif_helper_qwen25_14b_instruct_lm_target_qwen25_14b_instruct_judge_autoif,lpb,0,50,20.0,1.0,0.6,0.5916587677725118,0.4778023690867965,0,0,4.660625900000014,17.55084399559622,18.62114296052267,1.0702989649264474,cumulative_probability,17.55084399558596,17.99058977560803,17.55084399558596,-0.08239789880462922,17.550847457443968,,20.035923868211448,0.006990872972898436,0.0034709812493090874,0.0036049529679161225,0.32871225036994145,0.27746335672920974,0.021180135935031423,0.0936666666667664,20.329666666666668,833,782.0,0.037266732953888194,91.0,782.0,0.037266732953888194,91.0,3.3254436241729003e-13,0.0
autoif_qwen,dataset_autoif,attack_autoif_helper_qwen25_14b_instruct_lm_target_qwen25_14b_instruct_judge_autoif,lpb,0,50,20.0,1.0,0.7,0.6904265402843602,0.5969569016168362,0,0,3.571914299999662,17.55084323222893,18.641572062915774,1.0907288306868423,cumulative_probability,17.55084323221867,17.990589016057577,17.55084323221867,-0.08241958588769194,17.5508474574315,,20.054616130204995,0.0069882089460928856,0.003469392011926747,0.0035853972903981818,0.32948078216918986,0.27878678119205175,0.021301024127690266,0.0936666666667664,20.487333333333332,834,782.0,0.037266732953888194,91.0,782.0,0.037266732953888194,91.0,3.3254436241729003e-13,0.0
autoif_qwen,dataset_autoif,attack_autoif_helper_qwen25_14b_instruct_lm_target_qwen25_14b_instruct_judge_autoif,lpb,0,50,20.0,1.0,0.8,0.7829383886255924,0.7079313567603606,0,0,4.662707400000727,17.550846568893164,18.37644447784339,0.8255979089502254,cumulative_probability,17.5508465688829,17.990592336038485,17.5508465688829,-0.08233139065850992,17.550847457477147,,19.813653756571647,0.007009972825845276,0.0034834582180362254,0.003746336454334668,0.32885888398407076,0.27739652178368884,0.021950888854521306,0.0936666666667664,20.175333333333334,828,782.0,0.037266732953888194,91.0,782.0,0.037266732953888194,91.0,3.3254436241729003e-13,0.0
autoif_qwen,dataset_autoif,attack_autoif_helper_qwen25_14b_instruct_lm_target_qwen25_14b_instruct_judge_autoif,lpb,0,50,20.0,1.0,0.9,0.884739336492891,0.8396436932425315,0,0,4.130829300000187,17.55084413942456,18.319330450354236,0.7684863109296778,cumulative_probability,17.5508441394143,17.990589918717227,17.5508441394143,-0.08216874768550042,17.550847457393886,,19.761781526423242,0.007047073427352317,0.003513331125984196,0.003834550740241638,0.32789348677178864,0.276246432789301,0.02226981466480778,0.0936666666667664,19.826333333333334,822,782.0,0.037266732953888194,91.0,782.0,0.037266732953888194,91.0,3.324760220222187e-13,0.0
autoif_qwen,dataset_autoif,attack_autoif_helper_qwen25_14b_instruct_lm_target_qwen25_14b_instruct_judge_autoif,metric,1,50,20.0,1.0,0.1,0.10414926204399888,0.16191724077309336,0,0,7.6683390999996845,16.904375185022463,14.079077695958288,-2.825297489064175,cumulative_probability,16.90437518502246,17.53805330909735,16.90437518502246,-0.04443709593033418,16.904406779549213,,16.25794959901834,9.144012381523087,2.1520276227042334,1.9169542975286438,0.10249718796665969,0.12173228582326158,0.021691864586709405,0.4818613151611468,15.397,270,,,,,,,,
autoif_qwen,dataset_autoif,attack_autoif_helper_qwen25_14b_instruct_lm_target_qwen25_14b_instruct_judge_autoif,metric,1,50,20.0,1.0,0.2,0.202172096908939,0.24487699289096923,0,0,7.792242299999998,16.904368621143465,14.462962061621798,-2.441406559521667,cumulative_probability,16.904368621143465,17.53804677803775,16.904368621143465,-0.04449493237189017,16.90440677932061,,16.619982978086227,8.830515059032964,2.1314077948209036,1.8296601387238942,0.1028169456379972,0.1237169093056709,0.026346230313376254,0.5034191452876304,15.805666666666667,281,,,,,,,,
autoif_qwen,dataset_autoif,attack_autoif_helper_qwen25_14b_instruct_lm_target_qwen25_14b_instruct_judge_autoif,metric,1,50,20.0,1.0,0.3,0.3032581453634085,0.3210875608442936,0,0,6.171146700000463,16.904365463428338,14.590206418671002,-2.3141590447573357,cumulative_probability,16.904365463428338,17.538043636111198,16.904365463428338,-0.04455401300219819,16.90440677962181,,16.73980738688995,8.71491041173747,2.1061283104443893,1.7922864323027252,0.10328937014322312,0.12488083407847518,0.033947552192141885,0.5065933900244515,15.984666666666667,284,,,,,,,,
autoif_qwen,dataset_autoif,attack_autoif_helper_qwen25_14b_instruct_lm_target_qwen25_14b_instruct_judge_autoif,metric,1,50,20.0,1.0,0.4,0.39974937343358397,0.40698377119249324,0,0,5.714224600000307,16.904405199449336,14.57819122038446,-2.3262139790648764,cumulative_probability,16.904405199449336,17.538083173452094,16.904405199449336,-0.04459452873561531,16.904406778651637,,16.72797249194676,8.722935789675759,2.091006938044563,1.77850359772485,0.1037711808792719,0.1248264350569306,0.03785151587822467,0.5090506123705559,16.290666666666667,285,,,,,,,,
autoif_qwen,dataset_autoif,attack_autoif_helper_qwen25_14b_instruct_lm_target_qwen25_14b_instruct_judge_autoif,metric,1,50,20.0,1.0,0.5,0.4959621275410749,0.4921108437441628,0,0,6.506874599999719,16.9043835743244,14.45974764762262,-2.4446359267017783,cumulative_probability,16.9043835743244,17.538061656452776,16.9043835743244,-0.04463100303837564,16.904406779515146,,16.615517739436974,8.774317773351624,2.0831222256513375,1.7866140434942792,0.10421488241208986,0.12476349058414647,0.04076970128563834,0.5214274546435942,15.433333333333334,288,,,,,,,,
autoif_qwen,dataset_autoif,attack_autoif_helper_qwen25_14b_instruct_lm_target_qwen25_14b_instruct_judge_autoif,metric,1,50,20.0,1.0,0.6,0.5959342801448064,0.5938567865422861,0,0,6.320636999999806,16.904401939476653,14.452978431756543,-2.4514235077201096,cumulative_probability,16.904401939476656,17.53807992977927,16.904401939476656,-0.04463906916498672,16.90440677950745,,16.609290849019885,8.842512754631883,2.0815910635599737,1.7831807732532603,0.10427205387770945,0.12428399383653209,0.046670247341632824,0.5085554189704574,15.749333333333333,283,,,,,,,,
autoif_qwen,dataset_autoif,attack_autoif_helper_qwen25_14b_instruct_lm_target_qwen25_14b_instruct_judge_autoif,metric,1,50,20.0,1.0,0.7,0.6947925368978001,0.727576886310446,0,0,6.0420790999996825,16.90435092375583,14.324978999571238,-2.5793719241845903,cumulative_probability,16.90435092375583,17.53802916913705,16.90435092375583,-0.044617076055146754,16.904406778713348,,16.488536904987203,8.94802600881762,2.08842002894854,1.8087289719511925,0.10252432837528808,0.12313829850806594,0.04993987113435495,0.4842976541124655,15.414666666666667,276,,,,,,,,
autoif_qwen,dataset_autoif,attack_autoif_helper_qwen25_14b_instruct_lm_target_qwen25_14b_instruct_judge_autoif,metric,1,50,20.0,1.0,0.8,0.7935115566694514,0.8162722088538749,0,0,5.704598700000133,16.904312741751752,14.409038759300254,-2.495273982451499,cumulative_probability,16.904312741751745,17.53799117804299,16.904312741751745,-0.04457996808923781,16.904406779035288,,16.568730291815502,8.954620313008249,2.110285188272384,1.8268502946077567,0.10280789899847091,0.1244094853892245,0.05462452195654241,0.5134878871401647,15.936333333333334,288,,,,,,,,
autoif_qwen,dataset_autoif,attack_autoif_helper_qwen25_14b_instruct_lm_target_qwen25_14b_instruct_judge_autoif,metric,1,50,20.0,1.0,0.9,0.8939014202172096,0.8857335926426476,0,0,4.967515800000001,16.904406761757834,14.71343919428448,-2.190967567473354,cumulative_probability,16.904406761757834,17.538084727949045,16.904406761757834,-0.044495311740320176,16.90440677897414,,16.856817601134622,8.841257708217508,2.1499223853748326,1.806528676348257,0.10253953483247519,0.1267149889092157,0.05962452019570728,0.523954319504549,15.558,294,,,,,,,,
autoif_qwen,dataset_autoif,attack_autoif_helper_qwen25_14b_instruct_lm_target_qwen25_14b_instruct_judge_autoif,lpb,1,50,20.0,1.0,0.1,0.10867178924259056,0.14071902955765897,0,0,5.5460713000002215,17.17728794566443,15.243152682718067,-1.934135262946361,cumulative_probability,17.177287945653767,17.7291015059255,17.177287945653767,-0.11272821240709163,17.17728813545815,,17.12825124675167,0.02823980912286703,0.0048160096800714276,0.0124332864078822,0.127301409630864,0.24042440072735521,0.012721456212652367,0.09866666666677583,17.096,702,850.0,0.05954493765029112,87.83333333333333,850.0,0.05954493765029112,87.83333333333333,3.638334078459593e-13,0.0
autoif_qwen,dataset_autoif,attack_autoif_helper_qwen25_14b_instruct_lm_target_qwen25_14b_instruct_judge_autoif,lpb,1,50,20.0,1.0,0.2,0.2052689352360044,0.2418251113264118,0,0,5.148916400000417,17.177288032568548,15.284265891308877,-1.8930221412596708,cumulative_probability,17.177288032557886,17.729101592395097,17.177288032557886,-0.11290938287856989,17.1772881354667,,17.164476232118336,0.024285651775627005,0.004782448389542521,0.012035899372081302,0.12798019275186462,0.2411166795052563,0.014963772358414323,0.09866666666677583,17.073,706,850.0,0.05954493765029112,87.83333333333333,850.0,0.05954493765029112,87.83333333333333,3.6390594241690145e-13,0.0
autoif_qwen,dataset_autoif,attack_autoif_helper_qwen25_14b_instruct_lm_target_qwen25_14b_instruct_judge_autoif,lpb,1,50,20.0,1.0,0.3,0.305159165751921,0.31766766200781804,0,0,4.412397400000373,17.177288004860305,15.375646671827491,-1.8016413330328138,cumulative_probability,17.177288004849643,17.729101564825395,17.177288004849643,-0.11317673161101993,17.177288135268086,,17.245034964149326,0.02264705837593561,0.004731154937238898,0.011803726546389446,0.12904017713633928,0.24238197601075753,0.016312920115936234,0.09866666666677583,17.549,713,850.0,0.05954493765029112,87.83333333333333,850.0,0.05954493765029112,87.83333333333333,3.6397847698784366e-13,0.0
autoif_qwen,dataset_autoif,attack_autoif_helper_qwen25_14b_instruct_lm_target_qwen25_14b_instruct_judge_autoif,lpb,1,50,20.0,1.0,0.4,0.40034498980711936,0.4022910165621915,0,0,5.625400300000365,17.177282067017916,15.432407383484747,-1.744874683533169,cumulative_probability,17.177282067007255,17.729095656672214,17.177282067007255,-0.11338399090163875,17.17728813547717,,17.295071211128658,0.022898705831640748,0.004692295408655586,0.011785867137553793,0.1301381614931368,0.2435074251809946,0.017585130237795826,0.09866666666677583,17.648666666666667,715,850.0,0.05954493765029112,87.83333333333333,850.0,0.05954493765029112,87.83333333333333,3.640510115587858e-13,0.0
autoif_qwen,dataset_autoif,attack_autoif_helper_qwen25_14b_instruct_lm_target_qwen25_14b_instruct_judge_autoif,lpb,1,50,20.0,1.0,0.5,0.49066959385290887,0.4891791033371945,0,0,7.297972399999708,17.177287772490065,15.440249298701215,-1.73703847378885,cumulative_probability,17.177287772479406,17.72910133361701,17.177287772479406,-0.11345357575919479,17.177288135556722,,17.30184069243724,0.02109036836721067,0.0046808909280633805,0.011545125699759264,0.1305246554047965,0.24369899238083473,0.018554957969167098,0.09866666666677583,17.228,715,850.0,0.05954493765029112,87.83333333333333,850.0,0.05954493765029112,87.83333333333333,3.6412354612972803e-13,0.0
autoif_qwen,dataset_autoif,attack_autoif_helper_qwen25_14b_instruct_lm_target_qwen25_14b_instruct_judge_autoif,lpb,1,50,20.0,1.0,0.6,0.593539281793947,0.5917705560360768,0,0,6.949515899999824,17.177287695690737,15.333769666177982,-1.8435180295127545,cumulative_probability,17.17728769568008,17.729101257201677,17.17728769568008,-0.11350809232681058,17.177288135526315,,17.207840739977733,0.02171873386074839,0.0046724069248588965,0.012034559428094718,0.13098164121550643,0.2432505730231934,0.01932376885832296,0.09866666666677583,17.535666666666668,719,850.0,0.05954493765029112,87.83333333333333,850.0,0.05954493765029112,87.83333333333333,3.6412354612972803e-13,0.0
autoif_qwen,dataset_autoif,attack_autoif_helper_qwen25_14b_instruct_lm_target_qwen25_14b_instruct_judge_autoif,lpb,1,50,20.0,1.0,0.7,0.6923318174690293,0.712018362363268,0,0,5.2019449000008535,17.177287311188913,15.301721105378283,-1.87556620581063,cumulative_probability,17.177287311178258,17.729100874622365,17.177287311178258,-0.1134247691516066,17.177288135297463,,17.179617719056125,0.019968745068713815,0.0046881911910252065,0.011465294012191301,0.13032130196628414,0.24313447824609338,0.019661934313237376,0.09866666666677583,17.545,721,850.0,0.05954493765029112,87.83333333333333,850.0,0.05954493765029112,87.83333333333333,3.640510115587858e-13,0.0
autoif_qwen,dataset_autoif,attack_autoif_helper_qwen25_14b_instruct_lm_target_qwen25_14b_instruct_judge_autoif,lpb,1,50,20.0,1.0,0.8,0.788615336365062,0.7951074448869315,0,0,3.690307400000165,17.177286404262144,15.276927481929993,-1.9003589223321509,cumulative_probability,17.177286404251483,17.729099972230223,17.177286404251483,-0.11318033539282624,17.177288135492425,,17.157745556741055,0.0201468474210038,0.004732315877764324,0.011418034770791754,0.12903871608168963,0.24205947367575048,0.020023073790122036,0.09866666666677583,17.158,714,850.0,0.05954493765029112,87.83333333333333,850.0,0.05954493765029112,87.83333333333333,3.6397847698784366e-13,0.0
autoif_qwen,dataset_autoif,attack_autoif_helper_qwen25_14b_instruct_lm_target_qwen25_14b_instruct_judge_autoif,lpb,1,50,20.0,1.0,0.9,0.8888191939783597,0.8761549064613635,0,0,4.467185000000427,17.177287567617448,15.310731770020354,-1.8665557975970941,cumulative_probability,17.177287567606786,17.72910112976875,17.177287567606786,-0.1128256232914282,17.1772881354803,,17.187542145193365,0.018520700762901448,0.004802278476746408,0.011214548271774928,0.12737006961087322,0.24108819001788365,0.020326110878989844,0.09866666666677583,17.052,705,850.0,0.05954493765029112,87.83333333333333,850.0,0.05954493765029112,87.83333333333333,3.638334078459593e-13,0.0
autoif_qwen,dataset_autoif,attack_autoif_helper_qwen25_14b_instruct_lm_target_qwen25_14b_instruct_judge_autoif,metric,2,50,20.0,1.0,0.1,0.10738702684675672,0.188061216415691,0,0,3.1750446999994892,17.306089963306707,16.572039175286445,-0.7340507880202622,cumulative_probability,17.306089963306707,17.819259513490177,17.306089963306707,-0.03632312662375625,17.30610169405989,,18.339194214065873,6.930413885182998,1.5007135501003546,1.603011652437587,0.14602756978284062,0.14543605544830998,0.017356345649038707,0.4600600048524943,18.916333333333334,305,,,,,,,,
autoif_qwen,dataset_autoif,attack_autoif_helper_qwen25_14b_instruct_lm_target_qwen25_14b_instruct_judge_autoif,metric,2,50,20.0,1.0,0.2,0.20126730031682508,0.2698531799194004,0,0,3.440233199999966,17.306037763281953,17.075653371367327,-0.230384391914626,cumulative_probability,17.306037763281953,17.819207574465544,17.306037763281953,-0.03642158662842121,17.306101694110215,,18.818557324727873,6.645340184350555,1.4777981229674462,1.5230469007205298,0.1463566888770839,0.14846227536934659,0.02612412860728321,0.4430810578941317,19.01,309,,,,,,,,
autoif_qwen,dataset_autoif,attack_autoif_helper_qwen25_14b_instruct_lm_target_qwen25_14b_instruct_judge_autoif,metric,2,50,20.0,1.0,0.3,0.3023178255794564,0.332600278851742,0,0,3.353796500000499,17.306071753077507,17.095164527502558,-0.21090722557494956,cumulative_probability,17.306071753077507,17.81924139431212,17.306071753077507,-0.03646298799139913,17.30610169477115,,18.83604346391909,6.648021387039517,1.4656425869842022,1.4964875609471815,0.14531690753109014,0.14857378956636877,0.03195621759119326,0.4569425131057551,18.975,309,,,,,,,,
autoif_qwen,dataset_autoif,attack_autoif_helper_qwen25_14b_instruct_lm_target_qwen25_14b_instruct_judge_autoif,metric,2,50,20.0,1.0,0.4,0.39569784892446225,0.41330903157682203,0,0,3.0881595999999263,17.30609119577586,17.338385778253542,0.032294582477682354,cumulative_probability,17.306091195775856,17.819260739796977,17.306091195775856,-0.03649840735306498,17.306101693910264,,19.066594409893455,6.52882872252977,1.456870207367803,1.4570353010910038,0.14771061033125946,0.15053261311709729,0.04050370659025893,0.44397987351273643,19.656666666666666,310,,,,,,,,
autoif_qwen,dataset_autoif,attack_autoif_helper_qwen25_14b_instruct_lm_target_qwen25_14b_instruct_judge_autoif,metric,2,50,20.0,1.0,0.5,0.48857762214440553,0.48725931302063014,0,0,3.3130656000003,17.306059902372287,17.23803909194674,-0.06802081042554775,cumulative_probability,17.306059902372287,17.819229602860425,17.306059902372287,-0.03653691856015939,17.306101694485587,,18.970125545350943,6.563387621083068,1.4472894775931133,1.45589301783518,0.14824363372276964,0.15022055213012128,0.04623458175329628,0.4500969032988377,19.067666666666668,312,,,,,,,,
autoif_qwen,dataset_autoif,attack_autoif_helper_qwen25_14b_instruct_lm_target_qwen25_14b_instruct_judge_autoif,metric,2,50,20.0,1.0,0.6,0.5882941470735368,0.6139949741202664,0,0,3.3460565000004863,17.306071728206845,17.029644578375894,-0.2764271498309512,cumulative_probability,17.30607172820685,17.819241369565813,17.30607172820685,-0.036572357421391644,17.30610169472673,,18.771474123127707,6.644545582691065,1.4404315048994711,1.4754003945248058,0.14684134486861225,0.14874612614229887,0.051864524258323955,0.4520574042438781,18.482333333333333,312,,,,,,,,
autoif_qwen,dataset_autoif,attack_autoif_helper_qwen25_14b_instruct_lm_target_qwen25_14b_instruct_judge_autoif,metric,2,50,20.0,1.0,0.7,0.688010672002668,0.7301822904587412,0,0,3.213823600000069,17.306069466136996,17.0201853712068,-0.2858840949301964,cumulative_probability,17.306069466136996,17.819239118806312,17.306069466136996,-0.03658101733890362,17.30610169477767,,18.762842743504514,6.652790468325755,1.4395944852177118,1.4830306907405746,0.14611517479795222,0.14866477119733426,0.056985287158354894,0.4751098793086454,19.402333333333335,320,,,,,,,,
autoif_qwen,dataset_autoif,attack_autoif_helper_qwen25_14b_instruct_lm_target_qwen25_14b_instruct_judge_autoif,metric,2,50,20.0,1.0,0.8,0.7827246956811739,0.8350681986232036,0,0,3.5534687999997914,17.306049673946273,17.029683306906595,-0.2763663670396781,cumulative_probability,17.30604967394627,17.819219425576534,17.30604967394627,-0.03652674189652316,17.306101694339503,,18.771501618633472,6.733691711490732,1.453332519185453,1.4998065285616868,0.144422207402079,0.1471853438808588,0.06175915153170213,0.44698332859906653,19.130666666666666,307,,,,,,,,
autoif_qwen,dataset_autoif,attack_autoif_helper_qwen25_14b_instruct_lm_target_qwen25_14b_instruct_judge_autoif,metric,2,50,20.0,1.0,0.9,0.8829414707353677,0.9260633610093233,0,0,3.3847426000002088,17.306081554830843,17.430568870189628,0.12448731535878466,cumulative_probability,17.306081554830843,17.81925114705669,17.306081554830843,-0.036444891593419015,17.30610169438458,,19.15416296596943,6.63738750133272,1.4808387921900794,1.4852303502439173,0.14477326698730217,0.14833452296537458,0.06647860819927087,0.44029430979600837,19.689,307,,,,,,,,
autoif_qwen,dataset_autoif,attack_autoif_helper_qwen25_14b_instruct_lm_target_qwen25_14b_instruct_judge_autoif,lpb,2,50,20.0,1.0,0.1,0.10965661164864351,0.19639441861596516,0,0,2.633014799999728,17.552202779447597,17.010258366240677,-0.5419444132069202,cumulative_probability,17.55220277943668,17.991541765539495,17.55220277943668,-0.08628783209132962,17.552203389765815,,18.51713263903927,0.002983651071236174,0.003846419739964784,0.004967460084794673,0.24069853659976534,0.25790229493205424,0.010397601998580239,0.09700000000010381,18.391333333333332,767,783.0,0.037524448172956096,90.43333333333334,783.0,0.037524448172956096,90.43333333333334,3.471001264188089e-13,0.0
autoif_qwen,dataset_autoif,attack_autoif_helper_qwen25_14b_instruct_lm_target_qwen25_14b_instruct_judge_autoif,lpb,2,50,20.0,1.0,0.2,0.20356668563839878,0.2707439514228637,0,0,2.6645025999996506,17.552197409947418,17.0576050027902,-0.4945924071572172,cumulative_probability,17.552197409936497,17.99153642288681,17.552197409936497,-0.08645537833217531,17.552203389716137,,18.560025186846097,0.0029479601285916854,0.00379422183498821,0.004923249172127424,0.2417477940664045,0.2589273866300721,0.012086793842896983,0.09700000000010381,18.562333333333335,773,783.0,0.037524448172956096,90.43333333333334,783.0,0.037524448172956096,90.43333333333334,3.4717118069238495e-13,0.0
autoif_qwen,dataset_autoif,attack_autoif_helper_qwen25_14b_instruct_lm_target_qwen25_14b_instruct_judge_autoif,lpb,2,50,20.0,1.0,0.3,0.3018402580155568,0.340702811672378,0,0,2.4514282999998613,17.552199392604184,17.121038817616594,-0.4311605749875902,cumulative_probability,17.552199392593266,17.991538395630297,17.552199392593266,-0.08656560086819809,17.552203389511643,,18.617417669577957,0.00288309139461056,0.003751738229439988,0.004811159879820166,0.24080176686741248,0.2600655946119968,0.014917736485944116,0.09700000000010381,18.761,780,783.0,0.037524448172956096,90.43333333333334,783.0,0.037524448172956096,90.43333333333334,3.4724223496596094e-13,0.0
autoif_qwen,dataset_autoif,attack_autoif_helper_qwen25_14b_instruct_lm_target_qwen25_14b_instruct_judge_autoif,lpb,2,50,20.0,1.0,0.4,0.3974577878960349,0.4106069405465232,0,0,2.4312276000000566,17.55220036831847,17.226079355650516,-0.32612101266795435,cumulative_probability,17.55220036830755,17.991539366466014,17.55220036830755,-0.08665622583066579,17.55220338976129,,18.71237881738692,0.00297551319312614,0.003783611850257627,0.004507727720754524,0.2420893406752238,0.26045504165735633,0.018022235564695913,0.09700000000010381,18.543333333333333,777,783.0,0.037524448172956096,90.43333333333334,783.0,0.037524448172956096,90.43333333333334,3.4724223496596094e-13,0.0
autoif_qwen,dataset_autoif,attack_autoif_helper_qwen25_14b_instruct_lm_target_qwen25_14b_instruct_judge_autoif,lpb,2,50,20.0,1.0,0.5,0.4875735154619617,0.48188239443685976,0,0,2.443221900000026,17.55219922463712,17.30350876437985,-0.24869046025727215,cumulative_probability,17.5521992246262,17.991538228503067,17.5521992246262,-0.08675571509229485,17.552203389507966,,18.78221205859558,0.0029639812660869937,0.0037633677346396444,0.004468009619828992,0.24259408079143174,0.26139158425733505,0.020109965948001327,0.09700000000010384,18.558666666666667,776,783.0,0.037524448172956096,90.43333333333334,783.0,0.037524448172956096,90.43333333333334,3.47313289239537e-13,0.0
autoif_qwen,dataset_autoif,attack_autoif_helper_qwen25_14b_instruct_lm_target_qwen25_14b_instruct_judge_autoif,lpb,2,50,20.0,1.0,0.6,0.588692847656991,0.5977639192529776,0,0,2.880168299999241,17.55220110023233,17.080972263716344,-0.4712288365159871,cumulative_probability,17.552201100221417,17.991540094720307,17.552201100221417,-0.0868195518705761,17.552203389619777,,18.580834129918763,0.002958864190286012,0.003751372597551361,0.004575491573136132,0.24291351722136223,0.26032931285126254,0.021458269337403888,0.09700000000010384,18.394666666666666,773,783.0,0.037524448172956096,90.43333333333334,783.0,0.037524448172956096,90.43333333333334,3.47313289239537e-13,0.0
autoif_qwen,dataset_autoif,attack_autoif_helper_qwen25_14b_instruct_lm_target_qwen25_14b_instruct_judge_autoif,lpb,2,50,20.0,1.0,0.7,0.6863972680705749,0.7058066948634604,0,0,2.4932269000000815,17.55219179955426,17.165730227171057,-0.38646157238320455,cumulative_probability,17.552191799543344,17.991530840545625,17.552191799543344,-0.08681138708197977,17.552203389628833,,18.6575855103412,0.0029571763146384123,0.003753369539657152,0.00451714719652829,0.2434016835786849,0.26116580875699535,0.02172145033325003,0.09700000000010384,18.220333333333333,770,783.0,0.037524448172956096,90.43333333333334,783.0,0.037524448172956096,90.43333333333334,3.47313289239537e-13,0.0
autoif_qwen,dataset_autoif,attack_autoif_helper_qwen25_14b_instruct_lm_target_qwen25_14b_instruct_judge_autoif,lpb,2,50,20.0,1.0,0.8,0.7825839499146272,0.8187752942571584,0,0,2.6946099999995567,17.55220099599017,17.11892903482831,-0.43327196116186073,cumulative_probability,17.552200995979252,17.991539990999357,17.552200995979252,-0.0867068945808569,17.55220338983016,,18.615146454745716,0.0029726058244125505,0.0037761131188565815,0.004588830853573961,0.24303354869696064,0.26044507151698154,0.02212729745015313,0.09700000000010381,18.335,769,783.0,0.037524448172956096,90.43333333333334,783.0,0.037524448172956096,90.43333333333334,3.4724223496596094e-13,0.0
autoif_qwen,dataset_autoif,attack_autoif_helper_qwen25_14b_instruct_lm_target_qwen25_14b_instruct_judge_autoif,lpb,2,50,20.0,1.0,0.9,0.8785809144374881,0.9091063886718216,0,0,2.799071499999627,17.552202782792257,17.194306870257346,-0.3578959125349108,cumulative_probability,17.552202782781336,17.991541768867428,17.552202782781336,-0.08647371185361408,17.55220338948621,,18.68339024422064,0.003002082357825158,0.0038279098342886906,0.004534793607894992,0.24221034725216511,0.2597542068038942,0.02257948822788688,0.09700000000010381,18.641333333333332,768,783.0,0.037524448172956096,90.43333333333334,783.0,0.037524448172956096,90.43333333333334,3.4717118069238495e-13,0.0
autoif_qwen,dataset_autoif,attack_autoif_helper_qwen25_14b_instruct_lm_target_qwen25_14b_instruct_judge_autoif,metric,3,50,20.0,1.0,0.1,0.11380663574741348,0.08452535407027822,0,0,3.152859499999977,17.438624389383882,19.246813470521587,1.808189081137705,cumulative_probability,17.438624389383882,17.912031267436966,17.438624389383882,-0.03391408085008152,17.438644067189916,,20.797505409587547,6.133137664662999,1.1069190594662144,1.3437757573151397,0.1681229457878708,0.16089212447382198,0.03301955377946848,0.4444038471340378,19.584,331,,,,,,,,
autoif_qwen,dataset_autoif,attack_autoif_helper_qwen25_14b_instruct_lm_target_qwen25_14b_instruct_judge_autoif,metric,3,50,20.0,1.0,0.2,0.20924009989297182,0.20600131101881394,0,0,3.1625390999997762,17.438586565951574,19.400506822456823,1.9619202565052483,cumulative_probability,17.438586565951574,17.911993633121813,17.438586565951574,-0.0339830696611898,17.43864406770951,,20.944478502411,6.001444698254536,1.0959405305300054,1.3159524482852252,0.16988243873859057,0.1639770183540971,0.041470183599569464,0.44218647883469375,20.302333333333333,339,,,,,,,,
autoif_qwen,dataset_autoif,attack_autoif_helper_qwen25_14b_instruct_lm_target_qwen25_14b_instruct_judge_autoif,metric,3,50,20.0,1.0,0.3,0.3043168034249019,0.2942502849153958,0,0,3.2286719999992783,17.438606716243346,19.649486326628644,2.210879610385298,cumulative_probability,17.43860671624335,17.91201368266213,17.43860671624335,-0.03405604918953031,17.438644067033167,,21.18278643744253,5.898553883663072,1.0830509672662385,1.2806609766738808,0.17202924244977433,0.16733851971687655,0.04306983367784883,0.43354941272964825,19.925,343,,,,,,,,
autoif_qwen,dataset_autoif,attack_autoif_helper_qwen25_14b_instruct_lm_target_qwen25_14b_instruct_judge_autoif,metric,3,50,20.0,1.0,0.4,0.40117731002497325,0.35687455290722503,0,0,3.016051999999945,17.43864291271484,20.361209018760245,2.922566106045405,cumulative_probability,17.43864291271484,17.912049698151264,17.43864291271484,-0.034132854707422666,17.438644066897453,,21.86330037118136,5.67599597064496,1.0676322749026428,1.21952826448327,0.17732023940144978,0.1720002077050906,0.048369603364185415,0.4572082752793278,20.931333333333335,359,,,,,,,,
autoif_qwen,dataset_autoif,attack_autoif_helper_qwen25_14b_instruct_lm_target_qwen25_14b_instruct_judge_autoif,metric,3,50,20.0,1.0,0.5,0.4876917588298252,0.42326596002208605,0,0,3.2348621000001003,17.438624516445607,21.024175792043913,3.5855512755983057,cumulative_probability,17.43862451644561,17.91203139386338,17.43862451644561,-0.034206059281132184,17.438644067620785,,22.497326172144046,5.484164566709331,1.0589689595158729,1.1697493399861016,0.1803313804937954,0.17804220405568397,0.05031187061894151,0.4318974948662014,21.421333333333333,353,,,,,,,,
autoif_qwen,dataset_autoif,attack_autoif_helper_qwen25_14b_instruct_lm_target_qwen25_14b_instruct_judge_autoif,metric,3,50,20.0,1.0,0.6,0.5929361398501606,0.4871577275311231,0,0,2.5660847999997713,17.438597448548244,21.34784805874009,3.9092506101918474,cumulative_probability,17.43859744854824,17.912004461305504,17.43859744854824,-0.034209051373181865,17.43864406718636,,22.806300707555128,5.397668961355261,1.058127745903951,1.1423952427291517,0.1809678525810498,0.18053053128327679,0.0551765770237796,0.45442857224110217,21.729,369,,,,,,,,
autoif_qwen,dataset_autoif,attack_autoif_helper_qwen25_14b_instruct_lm_target_qwen25_14b_instruct_judge_autoif,metric,3,50,20.0,1.0,0.7,0.6915804495183732,0.5617933214199259,0,0,3.0327349000008326,17.438627884327474,20.954474818420834,3.5158469340933607,cumulative_probability,17.43862788432747,17.912034744905835,17.43862788432747,-0.03419056272832677,17.438644066910218,,22.429936752748684,5.526163653565935,1.0608135148425506,1.1614976294632697,0.17902414465012628,0.17903232369884817,0.05987857954548117,0.44873839314498914,21.147,358,,,,,,,,
autoif_qwen,dataset_autoif,attack_autoif_helper_qwen25_14b_instruct_lm_target_qwen25_14b_instruct_judge_autoif,metric,3,50,20.0,1.0,0.8,0.784873349982162,0.6831523202585046,0,0,2.9520117000001846,17.43862077998554,20.44365425396266,3.005033473977118,cumulative_probability,17.438620779985545,17.912027676085618,17.438620779985545,-0.03415826984564774,17.43864406754311,,21.9418251935142,5.691898806905198,1.0660013484779611,1.2004835756371401,0.1758932553995833,0.17602938719666134,0.06223587448087313,0.4425147641903765,20.72833333333333,350,,,,,,,,
autoif_qwen,dataset_autoif,attack_autoif_helper_qwen25_14b_instruct_lm_target_qwen25_14b_instruct_judge_autoif,metric,3,50,20.0,1.0,0.9,0.8820906171958616,0.8419596739316693,0,0,2.4104526999999507,17.438644059324478,19.816599363567285,2.377955304242807,cumulative_probability,17.438644059324474,17.912050839027856,17.438644059324474,-0.034085416482412256,17.43864406705165,,21.34297193921095,5.9631579410015405,1.0827451776250425,1.272426410982265,0.17280229659101412,0.16793599171756463,0.06512300264797093,0.44740848503772085,20.711,350,,,,,,,,
autoif_qwen,dataset_autoif,attack_autoif_helper_qwen25_14b_instruct_lm_target_qwen25_14b_instruct_judge_autoif,lpb,3,50,20.0,1.0,0.1,0.11183355006501951,0.08826616129199076,0,0,2.9806983000007676,17.51422891258313,17.874946923764476,0.3607180111813477,cumulative_probability,17.514228912572708,17.964957768009846,17.514228912572708,-0.08743492333451286,17.514237287812648,,19.363467957049515,0.0002579186445856914,0.0026395934529255265,0.005534571445227133,0.2713623695485304,0.26658008911960757,0.01743989067747664,0.09900000000010527,19.63533333333333,799,783.0,0.037524448172956096,90.63333333333333,783.0,0.037524448172956096,90.63333333333333,3.523532083388798e-13,0.0
autoif_qwen,dataset_autoif,attack_autoif_helper_qwen25_14b_instruct_lm_target_qwen25_14b_instruct_judge_autoif,lpb,3,50,20.0,1.0,0.2,0.2108489689764072,0.21263152771398064,0,0,3.006561399999555,17.514225972707738,17.76093819990628,0.24671222719854313,cumulative_probability,17.514225972697318,17.96495484283383,17.514225972697318,-0.08756885501497891,17.51423728779671,,19.26043458558969,0.00025442039084450356,0.0026230641301440523,0.0054758552343831994,0.27120989801308787,0.2663437469080059,0.01908264639538626,0.09900000000010527,19.120666666666665,788,783.0,0.037524448172956096,90.63333333333333,783.0,0.037524448172956096,90.63333333333333,3.5242524947736663e-13,0.0
autoif_qwen,dataset_autoif,attack_autoif_helper_qwen25_14b_instruct_lm_target_qwen25_14b_instruct_judge_autoif,lpb,3,50,20.0,1.0,0.3,0.3026193572357421,0.31420027803719125,0,0,2.8963744000002407,17.514233028935838,17.81313210275992,0.29889907382408154,cumulative_probability,17.514233028925418,17.96496186378079,17.514233028925418,-0.08775580747169442,17.514237287880682,,19.307696089038668,0.00024983606888999676,0.002599987851278342,0.005435692175537289,0.2717561510402061,0.2673550111455006,0.019911579296570083,0.09900000000010527,19.311,798,783.0,0.037524448172956096,90.63333333333333,783.0,0.037524448172956096,90.63333333333333,3.524972906158534e-13,0.0
autoif_qwen,dataset_autoif,attack_autoif_helper_qwen25_14b_instruct_lm_target_qwen25_14b_instruct_judge_autoif,lpb,3,50,20.0,1.0,0.4,0.40163477614712983,0.37828572123881693,0,0,3.2048181000000113,17.514222042003638,18.05006606971847,0.5358440277148304,cumulative_probability,17.51422204199322,17.964950931783257,17.51422204199322,-0.08804441065876745,17.514237288020887,,19.52226675973294,0.000242468259043885,0.0025671608924417405,0.005305901965059876,0.27334456417372,0.2696287334049388,0.02129311555437909,0.09900000000010527,19.606,805,783.0,0.037524448172956096,90.63333333333333,783.0,0.037524448172956096,90.63333333333333,3.525693317543402e-13,0.0
autoif_qwen,dataset_autoif,attack_autoif_helper_qwen25_14b_instruct_lm_target_qwen25_14b_instruct_judge_autoif,lpb,3,50,20.0,1.0,0.5,0.48857514397176294,0.4460915089145294,0,0,2.90407310000046,17.51422126330628,18.206646781944333,0.6924255186380535,cumulative_probability,17.51422126329586,17.964950156979377,17.51422126329586,-0.0881933854543604,17.51423728803455,,19.66400601984088,0.0002394958019962269,0.0025508653615079835,0.0051980407475906475,0.27419427011209957,0.27129664243519847,0.022444765807503805,0.09900000000010527,19.492333333333335,810,783.0,0.037524448172956096,90.63333333333333,783.0,0.037524448172956096,90.63333333333333,3.526413728928269e-13,0.0
autoif_qwen,dataset_autoif,attack_autoif_helper_qwen25_14b_instruct_lm_target_qwen25_14b_instruct_judge_autoif,lpb,3,50,20.0,1.0,0.6,0.5918632732676946,0.5085403655854447,0,0,3.042208699999719,17.514224672807796,18.34049539531633,0.8262707225085357,cumulative_probability,17.514224672797372,17.964953549433385,17.514224672797372,-0.08824063239444513,17.51423728799457,,19.784969095796843,0.00023851529106284854,0.002546520054664088,0.005158255626614769,0.27482341175322345,0.2726324501453388,0.023498067347041917,0.09900000000010527,19.536666666666665,809,783.0,0.037524448172956096,90.63333333333333,783.0,0.037524448172956096,90.63333333333333,3.526413728928269e-13,0.0
autoif_qwen,dataset_autoif,attack_autoif_helper_qwen25_14b_instruct_lm_target_qwen25_14b_instruct_judge_autoif,lpb,3,50,20.0,1.0,0.7,0.6931079323797139,0.5846112194394844,0,0,2.9900854999996227,17.514228359738468,18.395344751355857,0.8811163916173896,cumulative_probability,17.514228359728044,17.964957217929406,17.514228359728044,-0.08821209434245247,17.514237287905267,,19.834595579317924,0.00023894071188475515,0.0025490465061919986,0.0050845980238726236,0.27548535960031356,0.27334588087761985,0.025413817691887584,0.09900000000010527,19.762333333333334,808,783.0,0.037524448172956096,90.63333333333333,783.0,0.037524448172956096,90.63333333333333,3.526413728928269e-13,0.0
autoif_qwen,dataset_autoif,attack_autoif_helper_qwen25_14b_instruct_lm_target_qwen25_14b_instruct_judge_autoif,lpb,3,50,20.0,1.0,0.8,0.7826490804384172,0.7166393395247815,0,0,2.805879399999867,17.514236103406258,18.016263763312185,0.5020276599059272,cumulative_probability,17.514236103395834,17.964964922878853,17.514236103395834,-0.08812161977402866,17.51423728795887,,19.49125161842538,0.00024103616849349092,0.0025605715081066173,0.005232720540372947,0.27452304784378107,0.27096232027485617,0.025940435016976276,0.09900000000010527,19.254,806,783.0,0.037524448172956096,90.63333333333333,783.0,0.037524448172956096,90.63333333333333,3.525693317543402e-13,0.0
autoif_qwen,dataset_autoif,attack_autoif_helper_qwen25_14b_instruct_lm_target_qwen25_14b_instruct_judge_autoif,lpb,3,50,20.0,1.0,0.9,0.8838937395504366,0.8611182935695534,0,0,3.0520229000003383,17.514219392858664,17.938574245369725,0.42435485251106186,cumulative_probability,17.514219392848243,17.964948295884007,17.514219392848243,-0.08777978830039501,17.51423728811118,,19.421055909608448,0.0002495237482748871,0.0025998055110844037,0.005224863042236353,0.2742241214013878,0.26968634886425275,0.0269259888753663,0.09900000000010527,19.337,803,783.0,0.037524448172956096,90.63333333333333,783.0,0.037524448172956096,90.63333333333333,3.524972906158534e-13,0.0
autoif_qwen,dataset_autoif,attack_autoif_helper_qwen25_14b_instruct_lm_target_qwen25_14b_instruct_judge_autoif,metric,4,50,20.0,1.0,0.1,0.11042041550793391,0.10333441505760181,0,0,3.3333161999998993,17.26675962935635,17.40956243041435,0.14280280105800003,cumulative_probability,17.266759629356354,17.791725831209575,17.266759629356354,-0.037007736682426184,17.266779660175217,,19.165815740678298,6.815799628253911,1.6389454894650501,1.5065861948523074,0.14700223568169257,0.14579395007985502,0.034143743015895005,0.4693205852092082,18.705,298,,,,,,,,
autoif_qwen,dataset_autoif,attack_autoif_helper_qwen25_14b_instruct_lm_target_qwen25_14b_instruct_judge_autoif,metric,4,50,20.0,1.0,0.2,0.20759038115491577,0.24118935583319812,0,0,3.178462799999579,17.266744993793033,16.667768654824876,-0.598976338968157,cumulative_probability,17.266744993793033,17.791711268824066,17.266744993793033,-0.03710765980940778,17.26677966026806,,18.460516027048985,6.987338156580098,1.6088923764795433,1.551547252356504,0.14712114954844063,0.14256979527476482,0.036213160608144335,0.45961337646467837,18.338333333333335,293,,,,,,,,
autoif_qwen,dataset_autoif,attack_autoif_helper_qwen25_14b_instruct_lm_target_qwen25_14b_instruct_judge_autoif,metric,4,50,20.0,1.0,0.3,0.30917716342221496,0.41895721780518147,0,0,3.2060850999996546,17.266713724007417,16.46960126790613,-0.7971124561012886,cumulative_probability,17.266713724007417,17.79168015538738,17.266713724007417,-0.03716511302627623,17.266779660389737,,18.27228069887196,6.990006064571423,1.5950293989502158,1.5530271058556453,0.14783549556070322,0.14006736961111285,0.03917705648110915,0.4684721180594033,18.046666666666667,301,,,,,,,,
autoif_qwen,dataset_autoif,attack_autoif_helper_qwen25_14b_instruct_lm_target_qwen25_14b_instruct_judge_autoif,metric,4,50,20.0,1.0,0.4,0.3971863242270571,0.5817188598626211,0,0,3.3493453999999474,17.266764270667885,16.24701303227387,-1.019751238394015,cumulative_probability,17.266764270667885,17.791730449314546,17.266764270667885,-0.03718129264598247,17.26677966048512,,18.06078453906091,7.132554296577624,1.5907210591342682,1.5667876096825915,0.14605316486838887,0.13827909986026846,0.04250122190486483,0.44604395929088786,17.661333333333335,292,,,,,,,,
autoif_qwen,dataset_autoif,attack_autoif_helper_qwen25_14b_instruct_lm_target_qwen25_14b_instruct_judge_autoif,metric,4,50,20.0,1.0,0.5,0.49386553247178144,0.6566417870084915,0,0,3.373394699999153,17.266758877812734,16.46556497844187,-0.8011938993708654,cumulative_probability,17.266758877812734,17.79172508342367,17.266758877812734,-0.037181743609835394,17.266779660954185,,18.268474957655194,7.056711244556201,1.591410134065581,1.5403300602761483,0.14692120301216527,0.13938560333510558,0.0482611482528651,0.46924307728213405,17.800666666666668,303,,,,,,,,
autoif_qwen,dataset_autoif,attack_autoif_helper_qwen25_14b_instruct_lm_target_qwen25_14b_instruct_judge_autoif,metric,4,50,20.0,1.0,0.6,0.5983968591526255,0.7097977175617936,0,0,3.3766733000002205,17.266766207207457,16.717336639079498,-0.5494295681279588,cumulative_probability,17.26676620720746,17.791732376171424,17.26676620720746,-0.037173064847593196,17.266779660359934,,18.507718280543425,6.976158351058592,1.5953487301980527,1.5162935893630172,0.14636983765049805,0.14178347885394194,0.055636634013744794,0.45637623078835954,18.36,299,,,,,,,,
autoif_qwen,dataset_autoif,attack_autoif_helper_qwen25_14b_instruct_lm_target_qwen25_14b_instruct_judge_autoif,metric,4,50,20.0,1.0,0.7,0.6885326353672501,0.7783655146303208,0,0,3.4135973000002195,17.26677554791321,16.941840885052006,-0.3249346628612031,cumulative_probability,17.266775547913202,17.79174167017364,17.266775547913202,-0.0371366767649306,17.266779660018305,,18.720855615031137,6.934249286562994,1.6056356213873195,1.5013592052793585,0.1478895608747102,0.14273802079685957,0.060882394918675906,0.44722834762748453,18.432333333333332,292,,,,,,,,
autoif_qwen,dataset_autoif,attack_autoif_helper_qwen25_14b_instruct_lm_target_qwen25_14b_instruct_judge_autoif,metric,4,50,20.0,1.0,0.8,0.7879928022247669,0.8574449672778409,0,0,3.35078010000052,17.26674691987586,17.304058252667442,0.03731133279158172,cumulative_probability,17.26674691987586,17.791713185276482,17.26674691987586,-0.03707865791511722,17.266779660945925,,19.066139709261467,6.870631499132281,1.62231193290418,1.4809679602003791,0.14944190965916004,0.14487939599273797,0.0668879459156369,0.45869470090754383,18.754333333333335,295,,,,,,,,
autoif_qwen,dataset_autoif,attack_autoif_helper_qwen25_14b_instruct_lm_target_qwen25_14b_instruct_judge_autoif,metric,4,50,20.0,1.0,0.9,0.8872893832815312,0.91788090215804,0,0,3.8359239999999772,17.26677653149156,17.46853987309563,0.20176334160407094,cumulative_probability,17.26677653149156,17.791742648834102,17.26677653149156,-0.03701951696712058,17.266779660957027,,19.222681549515794,6.869627958029838,1.649005772871704,1.4907608372268133,0.14989539760396392,0.14604623077013115,0.07227892506960319,0.43874552183042365,18.166333333333334,285,,,,,,,,
autoif_qwen,dataset_autoif,attack_autoif_helper_qwen25_14b_instruct_lm_target_qwen25_14b_instruct_judge_autoif,lpb,4,50,20.0,1.0,0.1,0.1151106111736033,0.10077940417673736,0,0,4.0850743999999395,17.530846898575188,17.94231162833072,0.41146472975553294,cumulative_probability,17.53084689856471,17.97659266407188,17.53084689856471,-0.07914762776636053,17.530847457351406,,19.422840929633658,0.009420381259021409,0.0033845167743212375,0.004626482599792503,0.295747425832394,0.25951915801075187,0.01746857924756607,0.09966666666677247,19.062333333333335,764,833.0,0.05296194963401978,89.4,833.0,0.05296194963401978,89.4,3.5179266906955797e-13,0.0
autoif_qwen,dataset_autoif,attack_autoif_helper_qwen25_14b_instruct_lm_target_qwen25_14b_instruct_judge_autoif,lpb,4,50,20.0,1.0,0.2,0.2075365579302587,0.2276747322778336,0,0,4.322112400000151,17.53084729955177,17.692829386184645,0.16198208663287517,cumulative_probability,17.53084729954129,17.976593063043584,17.53084729954129,-0.07934538785775658,17.530847457498076,,19.195623259055306,0.009335394565183718,0.0033375426171508376,0.004890438093281991,0.29632324264748716,0.2590501316005998,0.018908459394311707,0.09966666666677247,18.955333333333332,765,833.0,0.05296194963401978,89.4,833.0,0.05296194963401978,89.4,3.518652036405001e-13,0.0
autoif_qwen,dataset_autoif,attack_autoif_helper_qwen25_14b_instruct_lm_target_qwen25_14b_instruct_judge_autoif,lpb,4,50,20.0,1.0,0.3,0.30539932508436446,0.36339003098908595,0,0,4.477100699999937,17.530844082334056,17.473567736067896,-0.057276346266160516,cumulative_probability,17.53084408232358,17.976589861911958,17.53084408232358,-0.0794876543659484,17.530847457245645,,18.99601494120451,0.009280666569974077,0.003303608360398468,0.004715072022583526,0.29730693049691964,0.2592350558684596,0.020573598127894437,0.09966666666677247,18.717666666666666,767,833.0,0.05296194963401978,89.4,833.0,0.05296194963401978,89.4,3.519377382114423e-13,0.0
autoif_qwen,dataset_autoif,attack_autoif_helper_qwen25_14b_instruct_lm_target_qwen25_14b_instruct_judge_autoif,lpb,4,50,20.0,1.0,0.4,0.3985751781027372,0.535166728524141,0,0,3.938842399999885,17.530842737910493,17.388890111593664,-0.14195262631682937,cumulative_probability,17.530842737900016,17.976588524210516,17.530842737900016,-0.07950556740979664,17.530847457465537,,18.918836892093942,0.009279229931418075,0.0032990297162589755,0.004688201009063387,0.2975065280543206,0.2589065510214276,0.021239719130817385,0.09966666666677247,18.686333333333334,759,833.0,0.05296194963401978,89.4,833.0,0.05296194963401978,89.4,3.519377382114423e-13,0.0
autoif_qwen,dataset_autoif,attack_autoif_helper_qwen25_14b_instruct_lm_target_qwen25_14b_instruct_judge_autoif,lpb,4,50,20.0,1.0,0.5,0.4938132733408324,0.6451402655948728,0,0,3.863233500000206,17.530847412240863,17.460999018463827,-0.06984839377703622,cumulative_probability,17.530847412230386,17.976593175169228,17.530847412230386,-0.07952691121317912,17.530847457317023,,18.98438802799461,0.009287490360955254,0.003295463424520995,0.004681127244289899,0.2975835707726125,0.2595154910969504,0.021592915655577603,0.09966666666677247,18.707,766,833.0,0.05296194963401978,89.4,833.0,0.05296194963401978,89.4,3.519377382114423e-13,0.0
autoif_qwen,dataset_autoif,attack_autoif_helper_qwen25_14b_instruct_lm_target_qwen25_14b_instruct_judge_autoif,lpb,4,50,20.0,1.0,0.6,0.592800899887514,0.716614314121307,0,0,4.37133249999988,17.530846788237156,17.502827445125458,-0.028019343111697737,cumulative_probability,17.530846788226672,17.97659255428554,17.530846788226672,-0.0794840398884844,17.53084745745142,,19.022391500121223,0.009284158648325698,0.003305847615895204,0.004681112563174678,0.29703165590701297,0.2591685710784835,0.02207084398091833,0.09966666666677247,18.836333333333332,768,833.0,0.05296194963401978,89.4,833.0,0.05296194963401978,89.4,3.519377382114423e-13,0.0
autoif_qwen,dataset_autoif,attack_autoif_helper_qwen25_14b_instruct_lm_target_qwen25_14b_instruct_judge_autoif,lpb,4,50,20.0,1.0,0.7,0.6917885264341957,0.7894462096455416,0,0,3.7960373000005347,17.53084587142328,17.649103339351896,0.1182574679286148,cumulative_probability,17.530845871412804,17.976591642055734,17.530845871412804,-0.07938178576296195,17.53084745742857,,19.155625780949446,0.009355459827074046,0.0033302370117056506,0.004577304314965858,0.2966191717998784,0.25939186181857476,0.02310134198940453,0.09966666666677247,18.406666666666666,755,833.0,0.05296194963401978,89.4,833.0,0.05296194963401978,89.4,3.519377382114423e-13,0.0
autoif_qwen,dataset_autoif,attack_autoif_helper_qwen25_14b_instruct_lm_target_qwen25_14b_instruct_judge_autoif,lpb,4,50,20.0,1.0,0.8,0.7838395200599925,0.8550815160814346,0,0,3.989701200000127,17.530841610008387,17.71717064578449,0.18632903577610094,cumulative_probability,17.53084160999791,17.976587401947917,17.53084160999791,-0.07925896643428132,17.530847457283077,,19.21771287989618,0.009388681503553412,0.003360109779073512,0.004525689119082617,0.2964004397013459,0.25902626169124654,0.024114993123154602,0.09966666666677247,18.889,762,833.0,0.05296194963401978,89.4,833.0,0.05296194963401978,89.4,3.518652036405001e-13,0.0
autoif_qwen,dataset_autoif,attack_autoif_helper_qwen25_14b_instruct_lm_target_qwen25_14b_instruct_judge_autoif,lpb,4,50,20.0,1.0,0.9,0.8820772403449568,0.9191688769398353,0,0,3.693785999999818,17.53084117049973,17.834816255187924,0.3039750846881937,cumulative_probability,17.530841170489257,17.976586964636805,17.530841170489257,-0.07906255821580999,17.530847457621746,,19.325051568621927,0.00947618418475848,0.0034085250340497738,0.004504920624699218,0.29514554665371356,0.25861427481587224,0.02520916129797777,0.09966666666677247,18.673666666666666,762,833.0,0.05296194963401978,89.4,833.0,0.05296194963401978,89.4,3.5179266906955797e-13,0.0
